{"client_meta":{"background_color":{"r":0.11764705926179886,"g":0.11764705926179886,"b":0.11764705926179886,"a":1},"thumbnail_size":{"width":93,"height":400},"render_coordinates":{"x":-2278.99658203125,"y":1016.4857788085938,"width":2120,"height":9108.2802734375}},"file_name":"mlforge-2","developer_related_links":[],"exported_at":"2026-03-24T13:15:09.766Z"}